Date,sentiment_score,positive_ratio,negative_ratio,discussion_volume
2020-12-31,-0.25,0.25,0.75,4
2021-01-01,2.4375,0.25,0.75,4
2021-01-04,4.905,0.4821,0.5179,28
2021-01-05,5.5685,0.6211,0.3789,50
2021-01-06,4.9991,0.5918,0.4082,32
2021-01-07,4.7189,0.653,0.347,28
2021-01-08,10.8007,0.7459,0.2541,31
2021-01-11,9.748,0.7418,0.2582,61
2021-01-12,7.323,0.728,0.272,28
2021-01-13,3.7815,0.564,0.436,20
2021-01-14,3.6097,0.5775,0.4225,22
2021-01-15,4.2291,0.6221,0.3779,33
2021-01-18,5.9926,0.6944,0.3056,60
2021-01-19,5.4929,0.7176,0.2824,27
2021-01-20,2.8487,0.6088,0.3912,22
2021-01-21,4.9869,0.6794,0.3206,20
2021-01-22,3.7168,0.6314,0.3686,36
2021-01-25,4.6709,0.6907,0.3093,52
2021-01-26,3.3012,0.6416,0.3584,54
2021-01-27,3.1433,0.6697,0.3303,43
2021-01-28,2.8514,0.6407,0.3593,103
2021-01-29,3.0671,0.6442,0.3558,88
2021-02-01,5.0769,0.6909,0.3091,61
2021-02-02,3.4793,0.6255,0.3745,25
2021-02-03,4.561,0.6506,0.3494,37
2021-02-04,4.464,0.6714,0.3286,26
2021-02-05,6.8986,0.7357,0.2643,15
2021-02-08,9.9071,0.8073,0.1927,33
2021-02-09,7.6182,0.714,0.286,29
2021-02-10,4.3186,0.5961,0.4039,23
2021-02-11,4.6389,0.6195,0.3805,14
2021-02-12,4.9594,0.6097,0.3903,5
2021-02-15,7.2868,0.6938,0.3062,36
2021-02-16,7.059,0.7173,0.2827,27
2021-02-17,2.941,0.5994,0.4006,27
2021-02-18,2.6605,0.5997,0.4003,30
2021-02-19,3.8954,0.6268,0.3732,26
2021-02-22,4.8711,0.6689,0.3311,45
2021-02-23,4.8156,0.6845,0.3155,20
2021-02-24,4.3079,0.6805,0.3195,34
2021-02-25,5.775,0.752,0.248,34
2021-02-26,3.8365,0.6341,0.3659,31
2021-03-01,4.1093,0.667,0.333,100
2021-03-02,6.2847,0.6989,0.3011,26
2021-03-03,5.8337,0.6828,0.3172,27
2021-03-04,5.448,0.681,0.319,53
2021-03-05,4.6628,0.6977,0.3023,28
2021-03-08,2.7116,0.6467,0.3533,47
2021-03-09,1.901,0.5789,0.4211,45
2021-03-10,2.9742,0.6356,0.3644,26
2021-03-11,7.9038,0.7761,0.2239,12
2021-03-12,4.8517,0.6835,0.3165,22
2021-03-15,7.7767,0.7222,0.2778,46
2021-03-16,4.7812,0.6587,0.3413,42
2021-03-17,4.3719,0.6865,0.3135,42
2021-03-18,5.6794,0.729,0.271,35
2021-03-19,4.6337,0.7249,0.2751,43
2021-03-22,2.6032,0.6072,0.3928,47
2021-03-23,2.5559,0.6277,0.3723,54
2021-03-24,1.3611,0.6023,0.3977,52
2021-03-25,2.4125,0.6595,0.3405,60
2021-03-26,6.189,0.7709,0.2291,34
2021-03-29,7.1451,0.7505,0.2495,63
2021-03-30,5.0793,0.7008,0.2992,43
2021-03-31,2.8888,0.6459,0.3541,110
2021-04-01,3.2069,0.6229,0.3771,40
2021-04-02,5.5201,0.6448,0.3552,12
2021-04-05,4.4824,0.6147,0.3853,65
2021-04-06,8.1263,0.6758,0.3242,38
2021-04-07,7.177,0.6915,0.3085,41
2021-04-08,7.1596,0.6992,0.3008,58
2021-04-09,6.7455,0.7033,0.2967,41
2021-04-12,4.8049,0.626,0.374,82
2021-04-13,3.2975,0.624,0.376,82
2021-04-14,5.2581,0.687,0.313,72
2021-04-15,6.479,0.7492,0.2508,53
2021-04-16,5.3753,0.7079,0.2921,27
2021-04-19,2.7353,0.604,0.396,42
2021-04-20,5.5526,0.6895,0.3105,40
2021-04-21,3.0385,0.5705,0.4295,31
2021-04-22,4.988,0.6327,0.3673,59
2021-04-23,5.5763,0.7053,0.2947,54
2021-04-26,4.5173,0.6958,0.3042,51
2021-04-27,3.2793,0.6433,0.3567,44
2021-04-28,5.0717,0.7005,0.2995,33
2021-04-29,5.621,0.7055,0.2945,38
2021-04-30,7.0055,0.6631,0.3369,29
2021-05-03,4.2554,0.6159,0.3841,51
2021-05-04,5.8881,0.7027,0.2973,19
2021-05-05,6.5143,0.7604,0.2396,22
2021-05-06,5.202,0.7189,0.2811,31
2021-05-07,5.7828,0.6776,0.3224,22
2021-05-10,5.1149,0.6319,0.3681,29
2021-05-11,4.5062,0.6844,0.3156,38
2021-05-12,6.105,0.7866,0.2134,9
2021-05-13,8.5525,0.8933,0.1067,4
2021-05-14,4.9429,0.78,0.22,3
2021-05-17,2.6581,0.6233,0.3767,30
2021-05-18,0.6135,0.5081,0.4919,28
2021-05-19,0.9637,0.5472,0.4528,58
2021-05-20,0.9317,0.5791,0.4209,36
2021-05-21,4.2258,0.5896,0.4104,30
2021-05-24,2.6314,0.5864,0.4136,36
2021-05-25,5.2517,0.6756,0.3244,17
2021-05-26,11.9592,0.8378,0.1622,6
2021-05-27,6.4003,0.6792,0.3208,73
2021-05-28,2.785,0.5654,0.4346,31
2021-05-31,3.9309,0.6288,0.3712,39
2021-06-01,4.2155,0.6894,0.3106,4
2021-06-02,6.6371,0.7304,0.2696,35
2021-06-03,4.8708,0.7031,0.2969,37
2021-06-04,4.5036,0.6697,0.3303,22
2021-06-07,4.272,0.6682,0.3318,33
2021-06-08,3.3076,0.6802,0.3198,13
2021-06-09,5.0618,0.7401,0.2599,25
2021-06-10,7.9984,0.7931,0.2069,26
2021-06-11,5.082,0.6273,0.3727,26
2021-06-14,4.9482,0.6537,0.3463,25
2021-06-15,4.5308,0.6747,0.3253,23
2021-06-16,4.081,0.654,0.346,30
2021-06-17,4.9308,0.7199,0.2801,14
2021-06-18,3.3214,0.6007,0.3993,27
2021-06-21,2.5586,0.586,0.414,28
2021-06-22,1.5993,0.5825,0.4175,19
2021-06-23,2.3157,0.5844,0.4156,29
2021-06-24,2.5207,0.608,0.392,19
2021-06-25,5.2112,0.717,0.283,23
2021-06-28,2.8926,0.6456,0.3544,54
2021-06-29,1.0951,0.55,0.45,22
2021-06-30,9.7955,0.675,0.325,25
2021-07-01,5.9358,0.6762,0.3238,31
2021-07-02,5.3783,0.6563,0.3437,33
2021-07-05,6.2353,0.671,0.329,35
2021-07-06,4.3672,0.6047,0.3953,39
2021-07-07,3.5528,0.6417,0.3583,28
2021-07-08,4.7738,0.6296,0.3704,34
2021-07-09,4.6539,0.6759,0.3241,18
2021-07-12,7.2603,0.6713,0.3287,30
2021-07-13,7.1591,0.6538,0.3462,22
2021-07-14,6.5795,0.6602,0.3398,27
2021-07-15,7.3812,0.6985,0.3015,19
2021-07-16,7.2236,0.7584,0.2416,11
2021-07-19,4.8028,0.6708,0.3292,24
2021-07-20,9.2381,0.6926,0.3074,7
2021-07-21,6.7503,0.7063,0.2937,25
2021-07-22,7.3872,0.7511,0.2489,49
2021-07-23,7.3533,0.7529,0.2471,53
2021-07-26,8.0357,0.7127,0.2873,58
2021-07-27,4.6172,0.6667,0.3333,29
2021-07-28,3.6228,0.6473,0.3527,43
2021-07-29,5.1585,0.694,0.306,27
2021-07-30,6.0535,0.6955,0.3045,66
2021-08-02,4.8284,0.6713,0.3287,102
2021-08-03,4.7153,0.6562,0.3438,39
2021-08-04,7.4682,0.7144,0.2856,22
2021-08-05,11.7176,0.7663,0.2337,33
2021-08-06,10.9497,0.7468,0.2532,33
2021-08-09,9.9125,0.7446,0.2554,66
2021-08-10,6.657,0.7025,0.2975,53
2021-08-11,12.4026,0.7401,0.2599,9
2021-08-12,8.0004,0.6769,0.3231,44
2021-08-13,9.7932,0.7297,0.2703,46
2021-08-16,11.847,0.7285,0.2715,44
2021-08-17,56.6735,0.8643,0.1357,2
2021-08-18,30.2113,0.7679,0.2321,67
2021-08-19,17.0823,0.6813,0.3187,37
2021-08-20,12.2347,0.7206,0.2794,25
2021-08-23,8.4055,0.7041,0.2959,32
2021-08-24,5.0735,0.6377,0.3623,21
2021-08-25,5.5118,0.6292,0.3708,29
2021-08-26,3.8147,0.6041,0.3959,38
2021-08-27,3.6532,0.5975,0.4025,22
2021-08-30,8.0746,0.7078,0.2922,22
2021-08-31,6.3123,0.6789,0.3211,20
2021-09-01,8.0107,0.7323,0.2677,28
2021-09-02,3.9189,0.5884,0.4116,18
2021-09-03,8.4901,0.7228,0.2772,21
2021-09-06,9.7275,0.7218,0.2782,43
2021-09-07,6.8885,0.6791,0.3209,22
2021-09-08,4.7154,0.6284,0.3716,45
2021-09-09,4.7482,0.6097,0.3903,22
2021-09-10,11.5339,0.7664,0.2336,26
2021-09-13,9.286,0.6479,0.3521,17
2021-09-14,9.8344,0.6989,0.3011,32
2021-09-15,4.7947,0.5638,0.4362,14
2021-09-16,3.1399,0.5569,0.4431,20
2021-09-17,4.917,0.6875,0.3125,11
2021-09-20,3.615,0.6295,0.3705,42
2021-09-21,0.9231,0.41,0.59,21
2021-09-22,2.6878,0.53,0.47,20
2021-09-23,5.1134,0.636,0.364,31
2021-09-24,6.5311,0.678,0.322,25
2021-09-27,3.5086,0.5473,0.4527,36
2021-09-28,2.3543,0.5237,0.4763,20
2021-09-29,1.8456,0.5535,0.4465,24
2021-09-30,3.3414,0.6386,0.3614,76
2021-10-01,2.3785,0.5981,0.4019,52
2021-10-04,7.7172,0.7121,0.2879,46
2021-10-05,4.5461,0.6061,0.3939,16
2021-10-06,5.0964,0.6583,0.3417,38
2021-10-07,5.3095,0.6821,0.3179,34
2021-10-08,7.2931,0.7528,0.2472,34
2021-10-11,5.8318,0.699,0.301,31
2021-10-12,6.132,0.7048,0.2952,38
2021-10-13,6.0092,0.7291,0.2709,219
2021-10-14,6.7041,0.7506,0.2494,79
2021-10-15,5.2365,0.7086,0.2914,75
2021-10-18,6.999,0.7516,0.2484,73
2021-10-19,5.7329,0.6931,0.3069,52
2021-10-20,6.601,0.6521,0.3479,18
2021-10-21,6.4751,0.6961,0.3039,50
2021-10-22,7.8186,0.7428,0.2572,38
2021-10-25,6.2924,0.7175,0.2825,52
2021-10-26,6.4378,0.7562,0.2438,39
2021-10-27,3.5454,0.6638,0.3362,21
2021-10-28,4.1024,0.5641,0.4359,28
2021-10-29,4.9598,0.6768,0.3232,19
2021-11-01,6.2701,0.7134,0.2866,28
2021-11-02,5.3882,0.6616,0.3384,41
2021-11-03,6.2304,0.7425,0.2575,17
2021-11-04,10.5921,0.8435,0.1565,18
2021-11-05,6.4665,0.6717,0.3283,22
2021-11-08,6.9062,0.6942,0.3058,60
2021-11-09,5.44,0.6943,0.3057,36
2021-11-10,5.6415,0.5863,0.4137,23
2021-11-11,4.2558,0.6431,0.3569,20
2021-11-12,3.5295,0.611,0.389,19
2021-11-15,4.9879,0.6086,0.3914,33
2021-11-16,5.6924,0.6956,0.3044,23
2021-11-17,4.8393,0.7007,0.2993,17
2021-11-18,2.2397,0.5304,0.4696,25
2021-11-19,2.9779,0.6541,0.3459,9
2021-11-22,3.2973,0.677,0.323,30
2021-11-23,4.9497,0.6915,0.3085,17
2021-11-24,4.7825,0.7303,0.2697,13
2021-11-25,8.3646,0.8318,0.1682,15
2021-11-26,3.4972,0.6512,0.3488,34
2021-11-29,3.6721,0.6351,0.3649,42
2021-11-30,2.4312,0.5529,0.4471,17
2021-12-01,2.0554,0.5889,0.4111,16
2021-12-02,1.2473,0.5236,0.4764,24
2021-12-03,2.6632,0.5844,0.4156,31
2021-12-06,4.2745,0.601,0.399,34
2021-12-07,7.7113,0.6894,0.3106,18
2021-12-08,5.3743,0.6629,0.3371,22
2021-12-09,5.6828,0.6856,0.3144,24
2021-12-10,3.7611,0.6359,0.3641,29
2021-12-13,4.0793,0.6469,0.3531,38
2021-12-14,2.6878,0.6012,0.3988,18
2021-12-15,5.1171,0.6816,0.3184,21
2021-12-16,6.7202,0.7103,0.2897,23
2021-12-17,5.5183,0.6766,0.3234,42
2021-12-20,5.9461,0.7027,0.2973,59
2021-12-21,3.0617,0.5619,0.4381,19
2021-12-22,4.6459,0.6309,0.3691,20
2021-12-23,6.0364,0.6791,0.3209,33
2021-12-24,7.1834,0.7146,0.2854,28
2021-12-27,9.0902,0.7611,0.2389,26
2021-12-28,7.4296,0.7472,0.2528,15
2021-12-29,4.937,0.6236,0.3764,18
2021-12-30,1.4951,0.581,0.419,13
2021-12-31,4.2062,0.6996,0.3004,11
2022-01-03,5.8801,0.7411,0.2589,23
2022-01-04,7.4289,0.7744,0.2256,26
2022-01-05,4.6736,0.6928,0.3072,36
2022-01-06,5.3217,0.6612,0.3388,27
2022-01-07,5.8604,0.7106,0.2894,50
2022-01-10,5.6939,0.6744,0.3256,47
2022-01-11,3.8197,0.6206,0.3794,30
2022-01-12,4.9738,0.7009,0.2991,32
2022-01-13,3.5185,0.6467,0.3533,27
2022-01-14,4.1282,0.6907,0.3093,49
2022-01-17,5.4804,0.6995,0.3005,48
2022-01-18,3.0086,0.6335,0.3665,37
2022-01-19,2.3663,0.5776,0.4224,23
2022-01-20,6.1561,0.7243,0.2757,31
2022-01-21,6.1903,0.7193,0.2807,49
2022-01-24,5.5316,0.6495,0.3505,69
2022-01-25,2.7805,0.5591,0.4409,32
2022-01-26,1.498,0.5117,0.4883,28
2022-01-27,3.1347,0.598,0.402,38
2022-01-28,4.4636,0.649,0.351,40
2022-01-31,5.3778,0.7091,0.2909,39
2022-02-01,9.6333,0.7712,0.2288,6
2022-02-02,5.4921,0.6615,0.3385,29
2022-02-03,5.3524,0.6907,0.3093,25
2022-02-04,6.7027,0.7802,0.2198,23
2022-02-07,10.8015,0.8243,0.1757,38
2022-02-08,8.0298,0.7915,0.2085,29
2022-02-09,8.5154,0.792,0.208,53
2022-02-10,8.1055,0.7564,0.2436,43
2022-02-11,6.0185,0.6731,0.3269,39
2022-02-14,6.8458,0.7143,0.2857,45
2022-02-15,6.7061,0.7372,0.2628,25
2022-02-16,9.1008,0.8221,0.1779,43
2022-02-17,7.6312,0.7444,0.2556,33
2022-02-18,6.114,0.7122,0.2878,25
2022-02-21,22.146,0.7377,0.2623,38
2022-02-22,13.4362,0.6488,0.3512,25
2022-02-23,12.2581,0.702,0.298,49
2022-02-24,6.3986,0.6322,0.3678,48
2022-02-25,6.7475,0.7404,0.2596,33
2022-02-28,6.5737,0.6368,0.3632,15
2022-03-01,6.634,0.7275,0.2725,11
2022-03-02,7.1392,0.6971,0.3029,15
2022-03-03,3.9296,0.6485,0.3515,5
2022-03-04,4.3939,0.7066,0.2934,17
2022-03-07,3.0131,0.6033,0.3967,34
2022-03-08,2.2935,0.5709,0.4291,26
2022-03-09,3.8252,0.6454,0.3546,25
2022-03-10,3.0226,0.6227,0.3773,20
2022-03-11,5.4663,0.6614,0.3386,20
2022-03-14,5.6796,0.6927,0.3073,58
2022-03-15,4.9278,0.7064,0.2936,25
2022-03-16,8.2506,0.7032,0.2968,30
2022-03-17,9.6233,0.7667,0.2333,53
2022-03-18,7.7776,0.75,0.25,45
2022-03-21,7.0235,0.7179,0.2821,35
2022-03-22,4.2852,0.6402,0.3598,16
2022-03-23,6.0927,0.6994,0.3006,29
2022-03-24,5.9819,0.705,0.295,38
2022-03-25,5.2132,0.6858,0.3142,27
2022-03-28,6.7775,0.6793,0.3207,55
2022-03-29,7.6856,0.7146,0.2854,24
2022-03-30,9.6988,0.7573,0.2427,25
2022-03-31,8.1941,0.744,0.256,26
2022-04-01,4.9681,0.6514,0.3486,34
2022-04-04,8.2089,0.7103,0.2897,26
2022-04-05,11.4131,0.7996,0.2004,18
2022-04-06,9.0528,0.8209,0.1791,19
2022-04-07,7.744,0.8271,0.1729,18
2022-04-08,4.8644,0.7396,0.2604,23
2022-04-11,6.8109,0.7544,0.2456,39
2022-04-12,8.6721,0.7772,0.2228,30
2022-04-13,10.4156,0.8004,0.1996,17
2022-04-14,6.5658,0.678,0.322,27
2022-04-15,9.6579,0.714,0.286,8
2022-04-18,5.6522,0.6678,0.3322,37
2022-04-19,5.0248,0.6754,0.3246,41
2022-04-20,2.9849,0.6377,0.3623,40
2022-04-21,7.3923,0.7372,0.2628,49
2022-04-22,8.6761,0.7335,0.2665,37
2022-04-25,12.3921,0.7538,0.2462,62
2022-04-26,7.4885,0.6672,0.3328,31
2022-04-27,5.8751,0.6518,0.3482,33
2022-04-28,9.9109,0.7259,0.2741,30
2022-04-29,12.4554,0.738,0.262,8
2022-05-02,7.4673,0.6606,0.3394,12
2022-05-03,15.8587,0.8303,0.1697,4
2022-05-04,8.3738,0.7485,0.2515,3
2022-05-05,23.6313,0.7076,0.2924,3
2022-05-06,16.5657,0.6038,0.3962,4
2022-05-09,9.5081,0.5802,0.4198,97
2022-05-10,5.3835,0.575,0.425,86
2022-05-11,3.3981,0.6033,0.3967,38
2022-05-12,1.8702,0.535,0.465,75
2022-05-13,2.2726,0.5882,0.4118,53
2022-05-16,8.7027,0.7004,0.2996,16
2022-05-17,6.6695,0.7365,0.2635,22
2022-05-18,3.8889,0.6102,0.3898,31
2022-05-19,4.0488,0.61,0.39,41
2022-05-20,6.2208,0.6621,0.3379,28
2022-05-23,10.6437,0.6195,0.3805,26
2022-05-24,7.2912,0.5955,0.4045,28
2022-05-25,6.1577,0.6213,0.3787,17
2022-05-26,12.936,0.7392,0.2608,7
2022-05-27,8.0286,0.6931,0.3069,17
2022-05-30,8.1909,0.6966,0.3034,30
2022-05-31,6.0076,0.7178,0.2822,23
2022-06-01,8.0038,0.8589,0.1411,1
2022-06-02,4.7554,0.7211,0.2789,24
2022-06-03,4.3036,0.6939,0.3061,9
2022-06-06,8.4283,0.7435,0.2565,29
2022-06-07,3.7681,0.556,0.444,19
2022-06-08,3.4396,0.6113,0.3887,21
2022-06-09,7.2531,0.753,0.247,19
2022-06-10,6.8609,0.7515,0.2485,24
2022-06-13,4.5773,0.6668,0.3332,67
2022-06-14,4.7365,0.6459,0.3541,24
2022-06-15,3.0468,0.573,0.427,14
2022-06-16,3.6203,0.6394,0.3606,17
2022-06-17,2.7569,0.6274,0.3726,26
2022-06-20,8.6363,0.7211,0.2789,27
2022-06-21,10.2314,0.7696,0.2304,11
2022-06-22,7.5897,0.7084,0.2916,17
2022-06-23,5.1054,0.6979,0.3021,16
2022-06-24,6.6777,0.724,0.276,12
2022-06-27,4.0802,0.6536,0.3464,24
2022-06-28,6.4687,0.7554,0.2446,21
2022-06-29,4.9661,0.6902,0.3098,24
2022-06-30,4.7256,0.6451,0.3549,40
2022-07-01,5.5596,0.6825,0.3175,25
2022-07-04,3.9004,0.6575,0.3425,68
2022-07-05,3.7342,0.6749,0.3251,26
2022-07-06,6.6671,0.7124,0.2876,20
2022-07-07,8.8414,0.825,0.175,16
2022-07-08,9.0125,0.7696,0.2304,21
2022-07-11,7.1453,0.6925,0.3075,26
2022-07-12,4.3435,0.5963,0.4037,12
2022-07-13,2.2479,0.5876,0.4124,19
2022-07-14,3.4677,0.5438,0.4562,24
2022-07-15,0.7525,0.4992,0.5008,22
2022-07-18,4.8839,0.5889,0.4111,28
2022-07-19,6.3297,0.723,0.277,14
2022-07-20,6.7025,0.71,0.29,33
2022-07-21,5.8012,0.705,0.295,10
2022-07-22,7.5435,0.7096,0.2904,7
2022-07-25,17.0321,0.701,0.299,13
2022-07-26,11.0875,0.7791,0.2209,7
2022-07-27,13.8771,0.8062,0.1938,24
2022-07-28,13.4385,0.8031,0.1969,20
2022-07-29,9.8928,0.7652,0.2348,22
2022-08-01,7.4362,0.6683,0.3317,21
2022-08-02,9.4603,0.7717,0.2283,16
2022-08-03,10.3447,0.6775,0.3225,12
2022-08-04,7.4004,0.686,0.314,36
2022-08-05,4.5514,0.623,0.377,25
2022-08-08,5.5101,0.6865,0.3135,24
2022-08-09,2.7278,0.629,0.371,21
2022-08-10,2.9692,0.5645,0.4355,38
2022-08-11,2.3603,0.5899,0.4101,13
2022-08-12,7.7357,0.6283,0.3717,9
2022-08-15,8.1637,0.6402,0.3598,23
2022-08-16,6.0523,0.6663,0.3337,13
2022-08-17,6.5817,0.6665,0.3335,3
2022-08-18,4.2376,0.6409,0.3591,13
2022-08-19,8.6813,0.6955,0.3045,12
2022-08-22,5.604,0.6408,0.3592,29
2022-08-23,3.582,0.6204,0.3796,10
2022-08-24,11.3396,0.7269,0.2731,12
2022-08-25,6.1264,0.6589,0.3411,22
2022-08-26,6.6369,0.7104,0.2896,21
2022-08-29,8.7436,0.7794,0.2206,33
2022-08-30,5.3299,0.6992,0.3008,21
2022-08-31,4.1591,0.6309,0.3691,16
2022-09-01,4.0795,0.6488,0.3512,15
2022-09-02,11.4148,0.6994,0.3006,4
2022-09-05,9.778,0.6747,0.3253,40
2022-09-06,7.0223,0.6707,0.3293,15
2022-09-07,4.6424,0.6762,0.3238,22
2022-09-08,3.2881,0.6667,0.3333,35
2022-09-09,7.7659,0.7807,0.2193,19
2022-09-12,4.4494,0.7029,0.2971,16
2022-09-13,5.4005,0.6993,0.3007,23
2022-09-14,5.3353,0.6925,0.3075,35
2022-09-15,5.3436,0.7384,0.2616,51
2022-09-16,5.3249,0.6961,0.3039,26
2022-09-19,4.7849,0.6886,0.3114,69
2022-09-20,3.1467,0.6487,0.3513,23
2022-09-21,5.2922,0.7191,0.2809,19
2022-09-22,7.0544,0.7442,0.2558,13
2022-09-23,9.7672,0.7721,0.2279,10
2022-09-26,10.3693,0.7289,0.2711,35
2022-09-27,11.8291,0.6978,0.3022,15
2022-09-28,6.5931,0.5989,0.4011,14
2022-09-29,6.778,0.6328,0.3672,9
2022-09-30,4.3033,0.6573,0.3427,22
2022-10-03,3.9786,0.6816,0.3184,17
2022-10-04,2.8682,0.6533,0.3467,16
2022-10-05,3.5608,0.6933,0.3067,15
2022-10-06,7.0767,0.68,0.32,9
2022-10-07,5.4199,0.66,0.34,25
2022-10-10,4.8783,0.6336,0.3664,28
2022-10-11,3.2517,0.5668,0.4332,20
2022-10-12,7.6718,0.6405,0.3595,14
2022-10-13,3.7425,0.5536,0.4464,15
2022-10-14,8.3643,0.7351,0.2649,12
2022-10-17,7.2229,0.6881,0.3119,39
2022-10-18,5.1392,0.6496,0.3504,18
2022-10-19,2.5202,0.547,0.453,9
2022-10-20,6.7497,0.6485,0.3515,36
2022-10-21,7.4859,0.7026,0.2974,37
2022-10-24,6.9409,0.6358,0.3642,58
2022-10-25,9.0534,0.6883,0.3117,27
2022-10-26,6.9369,0.6702,0.3298,23
2022-10-27,9.7462,0.6684,0.3316,12
2022-10-28,7.4642,0.7009,0.2991,15
2022-10-31,10.2121,0.8004,0.1996,20
2022-11-01,9.7272,0.8065,0.1935,16
2022-11-02,7.9253,0.8477,0.1523,9
2022-11-03,9.7115,0.8572,0.1428,15
2022-11-04,7.8858,0.7286,0.2714,10
2022-11-07,14.7476,0.7874,0.2126,13
2022-11-08,10.349,0.7573,0.2427,11
2022-11-09,5.8687,0.6514,0.3486,22
2022-11-10,4.3426,0.5949,0.4051,26
2022-11-11,4.5713,0.6975,0.3025,10
2022-11-14,6.6751,0.74,0.26,23
2022-11-15,6.532,0.7867,0.2133,12
2022-11-16,11.059,0.8308,0.1692,16
2022-11-17,10.9732,0.7404,0.2596,20
2022-11-18,9.0157,0.7386,0.2614,19
2022-11-21,13.6602,0.7377,0.2623,38
2022-11-22,9.1709,0.7489,0.2511,25
2022-11-23,14.1122,0.7673,0.2327,28
2022-11-24,14.4279,0.7755,0.2245,37
2022-11-25,10.8598,0.6378,0.3622,24
2022-11-28,10.5929,0.7213,0.2787,41
2022-11-29,7.3587,0.6273,0.3727,15
2022-11-30,7.4805,0.6867,0.3133,63
2022-12-01,5.4579,0.6639,0.3361,39
2022-12-02,5.3906,0.6798,0.3202,23
2022-12-05,3.1239,0.6256,0.3744,28
2022-12-06,3.3848,0.6253,0.3747,48
2022-12-07,3.6851,0.6564,0.3436,64
2022-12-08,4.5999,0.6561,0.3439,61
2022-12-09,3.7959,0.668,0.332,25
2022-12-12,7.8481,0.7551,0.2449,38
2022-12-13,11.2647,0.8018,0.1982,33
2022-12-14,7.8886,0.7191,0.2809,22
2022-12-15,7.1209,0.7004,0.2996,22
2022-12-16,11.2975,0.7326,0.2674,17
2022-12-19,12.2314,0.7754,0.2246,22
2022-12-20,7.6307,0.6877,0.3123,20
2022-12-21,6.5778,0.6688,0.3312,20
2022-12-22,9.0264,0.7594,0.2406,20
2022-12-23,5.9629,0.6489,0.3511,13
2022-12-26,7.379,0.6786,0.3214,24
2022-12-27,6.1375,0.6793,0.3207,25
2022-12-28,6.1845,0.6351,0.3649,22
2022-12-29,9.8129,0.6787,0.3213,18
2022-12-30,11.9549,0.7511,0.2489,17
2023-01-02,8.1024,0.7089,0.2911,24
2023-01-03,8.3262,0.8044,0.1956,10
2023-01-04,4.7695,0.6953,0.3047,29
2023-01-05,3.8791,0.6717,0.3283,54
2023-01-06,6.9776,0.6635,0.3365,29
2023-01-09,8.8504,0.6726,0.3274,22
2023-01-10,5.2652,0.6363,0.3637,30
2023-01-11,3.0325,0.5945,0.4055,38
2023-01-12,9.7476,0.6544,0.3456,21
2023-01-13,7.1701,0.6605,0.3395,27
2023-01-16,5.1118,0.5895,0.4105,27
2023-01-17,10.2164,0.767,0.233,18
2023-01-18,9.2332,0.7585,0.2415,12
2023-01-19,5.6207,0.7883,0.2117,11
2023-01-20,2.2186,0.7019,0.2981,13
2023-01-23,12.2693,0.7509,0.2491,10
2023-01-24,5.9597,0.7255,0.2745,10
2023-01-25,3.4243,0.6961,0.3039,6
2023-01-26,6.527,0.7091,0.2909,36
2023-01-27,6.6911,0.6905,0.3095,64
2023-01-30,12.3884,0.7935,0.2065,29
2023-01-31,6.1838,0.624,0.376,22
2023-02-01,12.2239,0.7287,0.2713,24
2023-02-02,5.9144,0.5866,0.4134,9
2023-02-03,7.9272,0.6796,0.3204,22
2023-02-06,7.2119,0.697,0.303,21
2023-02-07,8.9886,0.7056,0.2944,14
2023-02-08,10.4943,0.7278,0.2722,12
2023-02-09,9.8677,0.6797,0.3203,19
2023-02-10,9.8925,0.7944,0.2056,11
2023-02-13,16.4107,0.7639,0.2361,15
2023-02-14,12.8264,0.8194,0.1806,16
2023-02-15,13.2449,0.874,0.126,14
2023-02-16,11.3061,0.8656,0.1344,14
2023-02-17,9.8814,0.8151,0.1849,17
2023-02-20,10.4345,0.7409,0.2591,27
2023-02-21,12.6001,0.808,0.192,16
2023-02-22,9.6379,0.7849,0.2151,21
2023-02-23,16.1723,0.8258,0.1742,15
2023-02-24,15.4826,0.7975,0.2025,13
2023-02-27,9.1773,0.6929,0.3071,17
2023-02-28,4.4458,0.5964,0.4036,14
2023-03-01,3.572,0.6059,0.3941,13
2023-03-02,4.8485,0.678,0.322,12
2023-03-03,5.566,0.7437,0.2563,21
2023-03-06,6.276,0.6862,0.3138,35
2023-03-07,4.4158,0.6764,0.3236,18
2023-03-08,5.0855,0.6507,0.3493,24
2023-03-09,6.332,0.6435,0.3565,11
2023-03-10,8.6532,0.6432,0.3568,14
2023-03-13,4.5667,0.5848,0.4152,57
2023-03-14,2.9109,0.5872,0.4128,39
2023-03-15,3.849,0.6136,0.3864,25
2023-03-16,3.1967,0.5943,0.4057,40
2023-03-17,2.9694,0.5784,0.4216,16
2023-03-20,20.6276,0.7178,0.2822,21
2023-03-21,18.7705,0.7412,0.2588,17
2023-03-22,24.4465,0.7992,0.2008,7
2023-03-23,14.4886,0.8282,0.1718,7
2023-03-24,14.7689,0.8271,0.1729,23
2023-03-27,20.5938,0.7886,0.2114,40
2023-03-28,31.7784,0.8109,0.1891,18
2023-03-29,23.2518,0.7666,0.2334,18
2023-03-30,15.4251,0.7254,0.2746,19
2023-03-31,9.8653,0.7794,0.2206,12
2023-04-03,9.1456,0.7508,0.2492,18
2023-04-04,5.0371,0.6254,0.3746,14
2023-04-05,9.9879,0.7413,0.2587,7
2023-04-06,6.5217,0.6484,0.3516,18
2023-04-07,12.2609,0.8242,0.1758,3
2023-04-10,17.3804,0.7335,0.2665,14
2023-04-11,12.5791,0.7001,0.2999,15
2023-04-12,8.4671,0.6577,0.3423,13
2023-04-13,8.6163,0.7039,0.2961,16
2023-04-14,7.0327,0.7109,0.2891,39
2023-04-17,20.942,0.7741,0.2259,43
2023-04-18,22.364,0.7574,0.2426,27
2023-04-19,32.733,0.8073,0.1927,7
2023-04-20,61.1828,0.8322,0.1678,7
2023-04-21,53.5914,0.9161,0.0839,6
2023-04-24,55.6529,0.9581,0.0419,7
2023-04-25,31.5764,0.729,0.271,4
2023-04-26,27.5153,0.7684,0.2316,26
2023-04-27,22.5829,0.7314,0.2686,36
2023-04-28,18.3264,0.7157,0.2843,20
2023-05-01,22.8932,0.7821,0.2179,33
2023-05-02,23.491,0.7372,0.2628,39
2023-05-03,13.1101,0.6186,0.3814,24
2023-05-04,5.9945,0.4858,0.5142,17
2023-05-05,3.8217,0.4762,0.5238,15
2023-05-08,16.4268,0.6181,0.3819,25
2023-05-09,11.0833,0.6305,0.3695,14
2023-05-10,7.2674,0.6069,0.3931,12
2023-05-11,4.0964,0.5743,0.4257,24
2023-05-12,7.847,0.5564,0.4436,13
2023-05-15,5.0863,0.5837,0.4163,36
2023-05-16,5.251,0.6808,0.3192,27
2023-05-17,5.1625,0.6737,0.3263,18
2023-05-18,4.7479,0.6702,0.3298,6
2023-05-19,6.4723,0.6829,0.3171,23
2023-05-22,7.2943,0.6956,0.3044,24
2023-05-23,4.2152,0.6555,0.3445,13
2023-05-24,4.0643,0.7101,0.2899,17
2023-05-25,3.3587,0.7122,0.2878,7
2023-05-26,3.7735,0.7245,0.2755,19
2023-05-29,7.4325,0.7307,0.2693,19
2023-05-30,6.1005,0.782,0.218,18
2023-05-31,4.8072,0.7104,0.2896,36
2023-06-01,8.8832,0.7124,0.2876,7
2023-06-02,7.013,0.5705,0.4295,7
2023-06-05,10.1236,0.6473,0.3527,29
2023-06-06,5.3111,0.5605,0.4395,19
2023-06-07,6.227,0.6374,0.3626,14
2023-06-08,18.5185,0.6823,0.3177,11
2023-06-09,13.3088,0.6593,0.3407,11
2023-06-12,13.119,0.7329,0.2671,31
2023-06-13,11.3928,0.6998,0.3002,12
2023-06-14,8.2171,0.5807,0.4193,13
2023-06-15,8.0269,0.7189,0.2811,7
2023-06-16,5.6956,0.6372,0.3628,18
2023-06-19,8.5503,0.6823,0.3177,22
2023-06-20,7.1501,0.7161,0.2839,12
2023-06-21,8.0751,0.7331,0.2669,8
2023-06-22,7.1615,0.7756,0.2244,11
2023-06-23,11.0707,0.7378,0.2622,10
2023-06-26,11.2235,0.7385,0.2615,23
2023-06-27,14.143,0.7442,0.2558,12
2023-06-28,11.8293,0.8096,0.1904,8
2023-06-29,10.9772,0.7798,0.2202,4
2023-06-30,5.9886,0.6399,0.3601,2
2023-07-03,15.0298,0.7815,0.2185,13
2023-07-04,8.6589,0.7592,0.2408,19
2023-07-05,10.6505,0.824,0.176,9
2023-07-06,17.5089,0.8406,0.1594,14
2023-07-07,12.6433,0.7536,0.2464,6
2023-07-10,11.5283,0.7859,0.2141,11
2023-07-11,10.4873,0.802,0.198,11
2023-07-12,22.6277,0.8716,0.1284,17
2023-07-13,12.9539,0.7358,0.2642,15
2023-07-14,9.5124,0.7141,0.2859,13
2023-07-17,7.1941,0.6647,0.3353,26
2023-07-18,9.3748,0.6657,0.3343,9
2023-07-19,10.2291,0.5828,0.4172,6
2023-07-20,6.6701,0.4581,0.5419,3
2023-07-21,8.775,0.629,0.371,5
2023-07-24,7.0542,0.6479,0.3521,42
2023-07-25,6.8914,0.6923,0.3077,38
2023-07-26,4.3984,0.694,0.306,23
2023-07-27,2.6745,0.6526,0.3474,18
2023-07-28,15.1834,0.7878,0.2122,13
2023-07-31,9.8834,0.8106,0.1894,18
2023-08-01,7.7886,0.7267,0.2733,14
2023-08-02,4.311,0.6134,0.3866,12
2023-08-03,4.3749,0.6638,0.3362,14
2023-08-04,4.065,0.6176,0.3824,14
2023-08-07,9.5881,0.6421,0.3579,21
2023-08-08,6.114,0.6211,0.3789,10
2023-08-09,6.4703,0.7105,0.2895,30
2023-08-10,12.9496,0.7511,0.2489,24
2023-08-11,12.8903,0.6913,0.3087,19
2023-08-14,10.8586,0.6726,0.3274,26
2023-08-15,7.9548,0.6577,0.3423,14
2023-08-16,9.3346,0.8289,0.1711,7
2023-08-17,5.7073,0.6144,0.3856,5
2023-08-18,5.5164,0.6534,0.3466,13
2023-08-21,3.4501,0.5876,0.4124,23
2023-08-22,3.184,0.575,0.425,16
2023-08-23,5.8513,0.6208,0.3792,18
2023-08-24,17.9256,0.8104,0.1896,2
2023-08-25,8.9016,0.4766,0.5234,7
2023-08-28,7.9542,0.4764,0.5236,21
2023-08-29,14.2271,0.4882,0.5118,2
2023-08-30,7.6921,0.4714,0.5286,11
2023-08-31,7.2445,0.5482,0.4518,8
2023-09-01,3.6639,0.5241,0.4759,12
2023-09-04,7.932,0.662,0.338,20
2023-09-05,7.656,0.781,0.219,10
2023-09-06,6.5199,0.7383,0.2617,23
2023-09-07,3.7463,0.6311,0.3689,21
2023-09-08,3.9012,0.5834,0.4166,28
2023-09-11,10.7709,0.6621,0.3379,27
2023-09-12,12.3855,0.7428,0.2572,17
2023-09-13,14.1749,0.7464,0.2536,28
2023-09-14,18.2219,0.7399,0.2601,30
2023-09-15,10.3837,0.6881,0.3119,33
2023-09-18,13.1918,0.7441,0.2559,20
2023-09-19,11.5783,0.732,0.268,25
2023-09-20,6.0494,0.5803,0.4197,14
2023-09-21,13.0247,0.6902,0.3098,10
2023-09-22,20.4409,0.7736,0.2264,14
2023-09-25,13.3762,0.6662,0.3338,34
2023-09-26,6.7058,0.5639,0.4361,26
2023-09-27,3.4906,0.5181,0.4819,36
2023-09-28,2.5842,0.5772,0.4228,11
2023-09-29,4.4313,0.6486,0.3514,25
2023-10-02,9.7179,0.7281,0.2719,52
2023-10-03,5.3312,0.6535,0.3465,19
2023-10-04,9.3415,0.7157,0.2843,36
2023-10-05,5.7645,0.6078,0.3922,24
2023-10-06,4.6373,0.6289,0.3711,20
2023-10-09,15.5669,0.6716,0.3284,21
2023-10-10,17.1723,0.6958,0.3042,25
2023-10-11,9.0407,0.5752,0.4248,11
2023-10-12,7.1155,0.6405,0.3595,17
2023-10-13,6.5952,0.6953,0.3047,20
2023-10-16,8.4439,0.7524,0.2476,21
2023-10-17,10.6264,0.7972,0.2028,19
2023-10-18,6.2834,0.701,0.299,43
2023-10-19,4.8796,0.6771,0.3229,75
2023-10-20,7.1366,0.7186,0.2814,75
2023-10-23,6.8914,0.7285,0.2715,65
2023-10-24,5.3172,0.6559,0.3441,24
2023-10-25,6.768,0.703,0.297,24
2023-10-26,7.3917,0.7136,0.2864,58
2023-10-27,5.6218,0.6901,0.3099,27
2023-10-30,4.6654,0.6645,0.3355,36
2023-10-31,4.403,0.6447,0.3553,24
2023-11-01,2.8732,0.6195,0.3805,69
2023-11-02,2.6584,0.6777,0.3223,53
2023-11-03,5.6495,0.7763,0.2237,16
2023-11-06,6.6207,0.7453,0.2547,35
2023-11-07,4.6463,0.7477,0.2523,16
2023-11-08,5.8004,0.7602,0.2398,22
2023-11-09,5.3794,0.7343,0.2657,24
2023-11-10,6.3541,0.7481,0.2519,21
2023-11-13,13.2707,0.7377,0.2623,33
2023-11-14,9.8679,0.7601,0.2399,23
2023-11-15,8.2971,0.7589,0.2411,33
2023-11-16,7.1131,0.7177,0.2823,34
2023-11-17,4.5154,0.6653,0.3347,31
2023-11-20,5.6388,0.7,0.3,49
2023-11-21,6.134,0.7023,0.2977,44
2023-11-22,4.9891,0.6747,0.3253,34
2023-11-23,13.1401,0.7707,0.2293,30
2023-11-24,11.2485,0.7253,0.2747,25
2023-11-27,12.17,0.7336,0.2664,31
2023-11-28,9.4569,0.7532,0.2468,22
2023-11-29,7.8618,0.7099,0.2901,30
2023-11-30,6.1675,0.73,0.27,28
2023-12-01,5.4238,0.665,0.335,25
2023-12-04,5.2614,0.6729,0.3271,47
2023-12-05,3.8167,0.6546,0.3454,11
2023-12-06,3.6728,0.6455,0.3545,22
2023-12-07,4.352,0.6353,0.3647,40
2023-12-08,4.6348,0.6151,0.3849,79
2023-12-11,4.2119,0.5643,0.4357,37
2023-12-12,6.5504,0.6988,0.3012,18
2023-12-13,5.4297,0.7036,0.2964,24
2023-12-14,5.2556,0.693,0.307,85
2023-12-15,6.2883,0.7331,0.2669,75
2023-12-18,6.9605,0.7035,0.2965,46
2023-12-19,6.8419,0.7918,0.2082,25
2023-12-20,6.5547,0.8108,0.1892,47
2023-12-21,4.733,0.7131,0.2869,26
2023-12-22,3.8998,0.6899,0.3101,15
2023-12-25,8.6813,0.754,0.246,11
2023-12-26,3.3007,0.577,0.423,5
2023-12-27,4.0586,0.5929,0.4071,23
2023-12-28,5.2888,0.6494,0.3506,34
2023-12-29,9.6012,0.7136,0.2864,27
2024-01-01,11.3339,0.6901,0.3099,15
2024-01-02,7.4278,0.6833,0.3167,34
2024-01-03,7.4869,0.6452,0.3548,28
2024-01-04,7.6064,0.7115,0.2885,45
2024-01-05,8.3711,0.7741,0.2259,49
2024-01-08,6.8522,0.7204,0.2796,42
2024-01-09,3.9231,0.6294,0.3706,26
2024-01-10,3.9685,0.5516,0.4484,19
2024-01-11,3.5172,0.5536,0.4464,27
2024-01-12,5.1933,0.6393,0.3607,40
2024-01-15,5.9741,0.6696,0.3304,40
2024-01-16,7.0704,0.5848,0.4152,18
2024-01-17,7.5508,0.6674,0.3326,24
2024-01-18,9.1111,0.6866,0.3134,17
2024-01-19,7.0,0.6767,0.3233,15
2024-01-22,7.7872,0.6681,0.3319,47
2024-01-23,4.513,0.6219,0.3781,33
2024-01-24,3.582,0.6004,0.3996,19
2024-01-25,8.0181,0.7421,0.2579,43
2024-01-26,7.2896,0.695,0.305,71
2024-01-29,7.7894,0.7339,0.2661,66
2024-01-30,5.7729,0.7062,0.2938,28
2024-01-31,4.0462,0.6608,0.3392,52
2024-02-01,6.037,0.7471,0.2529,30
2024-02-02,5.7129,0.7069,0.2931,24
2024-02-05,10.1271,0.7925,0.2075,41
2024-02-06,11.8873,0.7869,0.2131,32
2024-02-07,9.1981,0.778,0.222,26
2024-02-08,5.0311,0.6668,0.3332,9
2024-02-09,5.6891,0.697,0.303,11
2024-02-12,6.5568,0.7206,0.2794,43
2024-02-13,5.2706,0.6728,0.3272,24
2024-02-14,3.3553,0.6364,0.3636,5
2024-02-15,5.9731,0.6932,0.3068,44
2024-02-16,6.0132,0.7127,0.2873,56
2024-02-19,6.2568,0.7368,0.2632,46
2024-02-20,7.7244,0.7623,0.2377,33
2024-02-21,7.5382,0.7448,0.2552,55
2024-02-22,7.1587,0.7524,0.2476,25
2024-02-23,6.9332,0.731,0.269,31
2024-02-26,8.3449,0.7443,0.2557,33
2024-02-27,6.6601,0.7333,0.2667,18
2024-02-28,7.2463,0.7614,0.2386,38
2024-02-29,4.8063,0.6585,0.3415,27
2024-03-01,4.9194,0.7331,0.2669,26
2024-03-04,6.5764,0.7035,0.2965,46
2024-03-05,8.3559,0.7892,0.2108,24
2024-03-06,4.2146,0.629,0.371,32
2024-03-07,4.2269,0.6406,0.3594,46
2024-03-08,5.9432,0.6987,0.3013,74
2024-03-11,10.5609,0.766,0.234,42
2024-03-12,8.7805,0.7012,0.2988,11
2024-03-13,7.3267,0.6839,0.3161,42
2024-03-14,7.0857,0.6774,0.3226,79
2024-03-15,7.8847,0.672,0.328,39
2024-03-18,10.7276,0.7037,0.2963,68
2024-03-19,8.3787,0.6933,0.3067,41
2024-03-20,8.3141,0.7514,0.2486,21
2024-03-21,11.0377,0.8201,0.1799,27
2024-03-22,8.2212,0.761,0.239,57
2024-03-25,6.3826,0.6937,0.3063,83
2024-03-26,4.2521,0.6754,0.3246,35
2024-03-27,4.3301,0.6591,0.3409,28
2024-03-28,4.4979,0.6462,0.3538,30
2024-03-29,4.8786,0.6565,0.3435,9
2024-04-01,4.5844,0.6515,0.3485,99
2024-04-02,6.9172,0.6591,0.3409,48
2024-04-03,4.9073,0.6466,0.3534,123
2024-04-04,4.3731,0.6489,0.3511,86
2024-04-05,8.4566,0.7967,0.2033,18
2024-04-08,14.015,0.7983,0.2017,15
2024-04-09,13.0901,0.7628,0.2372,11
2024-04-10,10.5451,0.8814,0.1186,1
2024-04-11,8.9948,0.774,0.226,6
2024-04-12,10.2196,0.7204,0.2796,6
2024-04-15,8.952,0.6863,0.3137,23
2024-04-16,5.5194,0.6655,0.3345,76
2024-04-17,3.9869,0.603,0.397,37
2024-04-18,8.2657,0.7325,0.2675,29
2024-04-19,4.7039,0.6748,0.3252,47
2024-04-22,4.1075,0.6584,0.3416,81
2024-04-23,4.8865,0.6785,0.3215,73
2024-04-24,7.3737,0.7365,0.2635,73
2024-04-25,7.4515,0.682,0.318,51
2024-04-26,4.7083,0.6208,0.3792,84
2024-04-29,4.9415,0.6035,0.3965,58
2024-04-30,6.727,0.6654,0.3346,44
2024-05-01,9.2835,0.7327,0.2673,5
2024-05-02,5.7067,0.6436,0.3564,101
2024-05-03,5.2571,0.6527,0.3473,68
2024-05-06,5.2326,0.6712,0.3288,58
2024-05-07,3.329,0.6508,0.3492,46
2024-05-08,2.22,0.6145,0.3855,64
2024-05-09,3.51,0.7072,0.2928,10
2024-05-10,5.635,0.7536,0.2464,10
2024-05-13,4.4584,0.7037,0.2963,52
2024-05-14,8.0123,0.761,0.239,22
2024-05-15,9.4577,0.8015,0.1985,19
2024-05-16,11.9819,0.8637,0.1363,27
2024-05-17,7.7015,0.7611,0.2389,41
2024-05-20,5.4476,0.6561,0.3439,49
2024-05-21,3.4716,0.6035,0.3965,49
2024-05-22,2.5165,0.5812,0.4188,34
2024-05-23,10.996,0.7573,0.2427,15
2024-05-24,10.998,0.712,0.288,12
2024-05-27,9.3908,0.6722,0.3278,68
2024-05-28,4.2943,0.5652,0.4348,24
2024-05-29,2.8698,0.5841,0.4159,68
2024-05-30,2.7389,0.5847,0.4153,123
2024-05-31,3.5755,0.6149,0.3851,62
2024-06-03,5.389,0.6718,0.3282,70
2024-06-04,5.4299,0.6648,0.3352,38
2024-06-05,4.6206,0.6538,0.3462,42
2024-06-06,5.6413,0.669,0.331,19
2024-06-07,4.5552,0.6123,0.3877,45
2024-06-10,5.8825,0.6454,0.3546,56
2024-06-11,7.3032,0.6352,0.3648,24
2024-06-12,4.5496,0.6033,0.3967,28
2024-06-13,2.7246,0.5958,0.4042,17
2024-06-14,1.9899,0.5928,0.4072,39
2024-06-17,3.9557,0.555,0.445,29
2024-06-18,2.214,0.5275,0.4725,18
2024-06-19,1.1751,0.5079,0.4921,43
2024-06-20,6.0108,0.6317,0.3683,45
2024-06-21,5.2446,0.6873,0.3127,35
2024-06-24,5.3863,0.6467,0.3533,33
2024-06-25,5.3911,0.5733,0.4267,24
2024-06-26,2.4256,0.522,0.478,34
2024-06-27,2.1573,0.5758,0.4242,27
2024-06-28,4.5884,0.6437,0.3563,52
2024-07-01,6.1681,0.6942,0.3058,47
2024-07-02,7.4024,0.7,0.3,17
2024-07-03,8.2645,0.7196,0.2804,23
2024-07-04,8.9448,0.7526,0.2474,28
2024-07-05,7.7771,0.7513,0.2487,16
2024-07-08,8.2209,0.7377,0.2623,29
2024-07-09,6.2125,0.7167,0.2833,23
2024-07-10,4.1865,0.7472,0.2528,27
2024-07-11,5.2172,0.6918,0.3082,22
2024-07-12,6.3276,0.6868,0.3132,22
2024-07-15,11.4424,0.6669,0.3331,34
2024-07-16,11.3402,0.6192,0.3808,21
2024-07-17,10.0487,0.6614,0.3386,27
2024-07-18,8.262,0.7107,0.2893,25
2024-07-19,4.3795,0.6246,0.3754,13
2024-07-22,5.4385,0.6337,0.3663,28
2024-07-23,5.1517,0.6669,0.3331,20
2024-07-24,6.887,0.6668,0.3332,30
2024-07-25,7.1106,0.6875,0.3125,48
2024-07-26,9.7808,0.6243,0.3757,41
2024-07-29,7.5612,0.6798,0.3202,34
2024-07-30,6.0616,0.7035,0.2965,22
2024-07-31,8.8539,0.7327,0.2673,21
2024-08-01,7.4964,0.6997,0.3003,24
2024-08-02,3.9558,0.644,0.356,17
2024-08-05,2.7167,0.5876,0.4124,96
2024-08-06,4.0276,0.6528,0.3472,39
2024-08-07,3.5324,0.6446,0.3554,22
2024-08-08,10.6422,0.6859,0.3141,22
2024-08-09,5.0097,0.6959,0.3041,17
2024-08-12,4.7519,0.6172,0.3828,26
2024-08-13,8.11,0.7033,0.2967,19
2024-08-14,5.1609,0.6433,0.3567,24
2024-08-15,2.675,0.5391,0.4609,23
2024-08-16,7.2962,0.5877,0.4123,22
2024-08-19,8.7324,0.6827,0.3173,27
2024-08-20,6.1886,0.6814,0.3186,25
2024-08-21,6.7206,0.7343,0.2657,47
2024-08-22,3.7076,0.5908,0.4092,38
2024-08-23,4.0283,0.6079,0.3921,24
2024-08-26,6.0252,0.6676,0.3324,33
2024-08-27,7.5661,0.7303,0.2697,29
2024-08-28,6.5166,0.7052,0.2948,25
2024-08-29,6.5552,0.7276,0.2724,24
2024-08-30,9.7186,0.7805,0.2195,24
2024-09-02,7.4542,0.6541,0.3459,36
2024-09-03,12.9271,0.8271,0.1729,10
2024-09-04,7.4151,0.7076,0.2924,17
2024-09-05,3.7382,0.5681,0.4319,14
2024-09-06,5.5377,0.6687,0.3313,13
2024-09-09,5.0562,0.6885,0.3115,24
2024-09-10,6.5096,0.7609,0.2391,18
2024-09-11,4.7978,0.693,0.307,16
2024-09-12,3.3364,0.534,0.466,8
2024-09-13,6.1765,0.6617,0.3383,19
2024-09-16,7.1549,0.6642,0.3358,15
2024-09-17,4.9375,0.6721,0.3279,25
2024-09-18,6.6245,0.6552,0.3448,47
2024-09-19,8.2178,0.6876,0.3124,75
2024-09-20,4.9237,0.6494,0.3506,36
2024-09-23,13.0232,0.7266,0.2734,51
2024-09-24,17.71,0.7681,0.2319,21
2024-09-25,10.8257,0.6674,0.3326,90
2024-09-26,8.5976,0.706,0.294,47
2024-09-27,5.9453,0.6863,0.3137,33
2024-09-30,5.2929,0.6869,0.3131,48
2024-10-01,8.7665,0.7435,0.2565,30
2024-10-02,8.7906,0.6865,0.3135,27
2024-10-03,5.2829,0.608,0.392,17
2024-10-04,3.8871,0.5687,0.4313,17
2024-10-07,4.3162,0.6316,0.3684,36
2024-10-08,2.3678,0.634,0.366,44
2024-10-09,12.3773,0.6607,0.3393,16
2024-10-10,15.3488,0.7679,0.2321,16
2024-10-11,8.9601,0.6696,0.3304,14
2024-10-14,6.2778,0.6243,0.3757,19
2024-10-15,4.1389,0.6455,0.3545,12
2024-10-16,2.8423,0.5596,0.4404,19
2024-10-17,2.2443,0.5655,0.4345,42
2024-10-18,1.9466,0.5161,0.4839,15
2024-10-21,3.2218,0.5657,0.4343,26
2024-10-22,3.4484,0.5329,0.4671,20
2024-10-23,5.5509,0.6414,0.3586,44
2024-10-24,6.8804,0.7096,0.2904,36
2024-10-25,6.255,0.6881,0.3119,27
2024-10-28,5.9842,0.673,0.327,38
2024-10-29,5.0419,0.5997,0.4003,19
2024-10-30,5.6214,0.6748,0.3252,56
2024-10-31,6.9905,0.6556,0.3444,44
2024-11-01,5.5719,0.5611,0.4389,30
2024-11-04,4.696,0.5836,0.4164,33
2024-11-05,3.5633,0.5835,0.4165,24
2024-11-06,3.1143,0.5526,0.4474,46
2024-11-07,2.9132,0.5968,0.4032,39
2024-11-08,3.6606,0.6155,0.3845,41
2024-11-11,5.0258,0.6096,0.3904,106
2024-11-12,10.6233,0.7151,0.2849,39
2024-11-13,6.5487,0.6811,0.3189,17
2024-11-14,6.6536,0.6436,0.3564,33
2024-11-15,10.4096,0.7256,0.2744,26
2024-11-18,6.9305,0.6583,0.3417,44
2024-11-19,5.8855,0.618,0.382,45
2024-11-20,5.3849,0.6039,0.3961,39
2024-11-21,4.74,0.6269,0.3731,40
2024-11-22,6.2808,0.71,0.29,29
2024-11-25,9.314,0.7641,0.2359,33
2024-11-26,7.5243,0.7392,0.2608,35
2024-11-27,6.9622,0.7696,0.2304,5
2024-11-28,6.3639,0.666,0.334,16
2024-11-29,7.3733,0.7219,0.2781,18
2024-12-02,5.6825,0.6292,0.3708,41
2024-12-03,4.0079,0.648,0.352,30
2024-12-04,7.4415,0.699,0.301,36
2024-12-05,8.7161,0.7106,0.2894,36
2024-12-06,5.7283,0.7082,0.2918,17
2024-12-09,9.2819,0.6708,0.3292,30
2024-12-10,7.301,0.6854,0.3146,20
2024-12-11,9.8966,0.7404,0.2596,44
2024-12-12,6.6348,0.6995,0.3005,41
2024-12-13,10.8004,0.6689,0.3311,47
2024-12-16,17.5316,0.704,0.296,69
2024-12-17,10.3092,0.6267,0.3733,71
2024-12-18,6.8298,0.5959,0.4041,69
2024-12-19,5.864,0.6177,0.3823,147
2024-12-20,8.8464,0.6447,0.3553,67
2024-12-23,12.4762,0.6955,0.3045,67
2024-12-24,10.6603,0.6811,0.3189,30
2024-12-25,13.0431,0.6843,0.3157,16
2024-12-26,14.0815,0.6421,0.3579,5
2024-12-27,9.9333,0.6847,0.3153,22
2024-12-30,10.6399,0.6757,0.3243,51
2024-12-31,10.8296,0.7852,0.2148,19
2025-01-01,41.9481,0.7259,0.2741,15
2025-01-02,32.9581,0.713,0.287,50
2025-01-03,25.9449,0.6377,0.3623,32
2025-01-06,21.0668,0.6868,0.3132,53
2025-01-07,13.306,0.6212,0.3788,54
2025-01-08,16.2594,0.6906,0.3094,50
2025-01-09,9.4159,0.6862,0.3138,44
2025-01-10,14.8788,0.6645,0.3355,42
2025-01-13,10.316,0.6575,0.3425,123
2025-01-14,6.7468,0.599,0.401,74
2025-01-15,6.7774,0.6328,0.3672,99
2025-01-16,7.6394,0.659,0.341,54
2025-01-17,13.0758,0.7319,0.2681,41
2025-01-20,12.0096,0.7454,0.2546,112
2025-01-21,7.2905,0.6737,0.3263,103
2025-01-22,6.7961,0.7029,0.2971,56
2025-01-23,7.6361,0.7102,0.2898,92
2025-01-24,6.323,0.6833,0.3167,163
2025-01-27,10.707,0.6472,0.3528,72
2025-01-28,18.3757,0.6569,0.3431,15
2025-01-29,25.7535,0.716,0.284,40
2025-01-30,16.9343,0.7169,0.2831,124
2025-01-31,12.5207,0.6434,0.3566,93
2025-02-03,14.3767,0.6681,0.3319,140
2025-02-04,11.0675,0.6507,0.3493,60
2025-02-05,11.1635,0.6795,0.3205,96
2025-02-06,7.4936,0.6391,0.3609,324
2025-02-07,7.7986,0.6657,0.3343,156
2025-02-10,9.9916,0.6406,0.3594,130
2025-02-11,7.5605,0.6385,0.3615,99
2025-02-12,7.7959,0.6566,0.3434,83
2025-02-13,10.7617,0.6804,0.3196,71
2025-02-14,8.1738,0.6787,0.3213,96
2025-02-17,13.5425,0.6898,0.3102,117
2025-02-18,14.6328,0.7214,0.2786,85
2025-02-19,11.5426,0.7232,0.2768,120
2025-02-20,12.1184,0.6733,0.3267,77
2025-02-21,10.3654,0.7116,0.2884,60
2025-02-24,12.4474,0.7005,0.2995,103
2025-02-25,9.1825,0.6295,0.3705,111
2025-02-26,9.6773,0.6481,0.3519,93
2025-02-27,4.9737,0.5644,0.4356,258
2025-02-28,4.3171,0.5725,0.4275,217
2025-03-03,5.7224,0.6056,0.3944,227
2025-03-04,5.2791,0.5991,0.4009,81
2025-03-05,8.8748,0.6542,0.3458,86
2025-03-06,12.1478,0.6882,0.3118,54
2025-03-07,7.3839,0.6485,0.3515,46
2025-03-10,11.5326,0.6732,0.3268,96
2025-03-11,9.0653,0.6312,0.3688,56
2025-03-12,5.9315,0.6634,0.3366,138
2025-03-13,6.9197,0.6773,0.3227,68
2025-03-14,7.3537,0.6601,0.3399,70
2025-03-17,8.6241,0.6607,0.3393,186
2025-03-18,4.8255,0.5887,0.4113,387
2025-03-19,4.3444,0.5973,0.4027,170
2025-03-20,5.963,0.6465,0.3535,138
2025-03-21,4.013,0.6062,0.3938,463
2025-03-24,5.1644,0.602,0.398,470
2025-03-25,7.2647,0.6237,0.3763,141
2025-03-26,11.0484,0.6974,0.3026,201
2025-03-27,11.7299,0.753,0.247,94
2025-03-28,13.6016,0.7469,0.2531,27
2025-03-31,11.9964,0.7306,0.2694,42
2025-04-01,7.9932,0.6653,0.3347,20
2025-04-02,9.6633,0.666,0.334,12
2025-04-03,8.7591,0.6091,0.3909,67
2025-04-04,7.6764,0.5731,0.4269,54
2025-04-07,6.9054,0.5803,0.4197,240
2025-04-08,5.7616,0.6041,0.3959,379
2025-04-09,6.3448,0.6456,0.3544,131
2025-04-10,6.1563,0.6669,0.3331,186
2025-04-11,7.3365,0.6886,0.3114,107
2025-04-14,14.9797,0.7412,0.2588,131
2025-04-15,11.547,0.7264,0.2736,52
2025-04-16,14.7504,0.7848,0.2152,51
2025-04-17,18.1493,0.7647,0.2353,47
2025-04-18,9.8774,0.6177,0.3823,17
2025-04-21,16.94,0.6558,0.3442,98
2025-04-22,15.5678,0.7098,0.2902,72
2025-04-23,12.3521,0.7269,0.2731,125
2025-04-24,9.7716,0.6851,0.3149,157
2025-04-25,11.4791,0.7195,0.2805,65
2025-04-28,13.9995,0.7097,0.2903,100
2025-04-29,18.0345,0.7438,0.2562,72
2025-04-30,11.7588,0.6774,0.3226,72
2025-05-01,14.021,0.6668,0.3332,32
2025-05-02,13.2672,0.7319,0.2681,64
2025-05-05,14.4599,0.7494,0.2506,103
2025-05-06,15.8616,0.7497,0.2503,56
2025-05-07,11.5026,0.694,0.306,47
2025-05-08,12.2631,0.6995,0.3005,61
2025-05-09,7.5204,0.6275,0.3725,27
2025-05-12,14.8229,0.6828,0.3172,42
2025-05-13,23.434,0.7207,0.2793,29
2025-05-14,17.3552,0.7323,0.2677,82
2025-05-15,12.7337,0.7071,0.2929,88
2025-05-16,12.2928,0.7403,0.2597,53
2025-05-19,17.2323,0.7517,0.2483,114
2025-05-20,12.798,0.7217,0.2783,107
2025-05-21,12.2394,0.6813,0.3187,117
2025-05-22,10.5368,0.6769,0.3231,58
2025-05-23,9.6773,0.6829,0.3171,45
2025-05-26,17.5298,0.7392,0.2608,88
2025-05-27,11.4547,0.7068,0.2932,43
2025-05-28,14.3399,0.7201,0.2799,45
2025-05-29,36.4488,0.7639,0.2361,26
2025-05-30,28.1263,0.7361,0.2639,24
2025-06-02,19.1617,0.6673,0.3327,142
2025-06-03,16.5535,0.7087,0.2913,64
2025-06-04,12.7429,0.7189,0.2811,48
2025-06-05,11.0124,0.7011,0.2989,60
2025-06-06,19.0652,0.8089,0.1911,12
2025-06-09,20.1024,0.7473,0.2527,35
2025-06-10,16.9376,0.7487,0.2513,44
2025-06-11,16.674,0.7354,0.2646,36
2025-06-12,13.7133,0.6427,0.3573,20
2025-06-13,10.5454,0.6282,0.3718,44
2025-06-16,23.6813,0.6837,0.3163,69
2025-06-17,18.079,0.6967,0.3033,31
2025-06-18,18.2237,0.761,0.239,63
2025-06-19,9.6361,0.6396,0.3604,83
2025-06-20,6.1877,0.6398,0.3602,75
2025-06-23,7.6331,0.6532,0.3468,123
2025-06-24,9.4322,0.6744,0.3256,69
2025-06-25,8.9197,0.6733,0.3267,61
2025-06-26,8.5043,0.6804,0.3196,64
2025-06-27,11.7748,0.7967,0.2033,23
2025-06-30,12.9561,0.7298,0.2702,89
2025-07-01,9.0057,0.6871,0.3129,45
2025-07-02,6.251,0.6645,0.3355,67
2025-07-03,7.6802,0.6447,0.3553,40
2025-07-04,8.3415,0.6102,0.3898,33
2025-07-07,11.0526,0.6301,0.3699,80
2025-07-08,6.995,0.5594,0.4406,88
2025-07-09,6.676,0.6223,0.3777,54
2025-07-10,6.1033,0.6293,0.3707,55
2025-07-11,4.7947,0.6208,0.3792,49
2025-07-14,8.9879,0.6311,0.3689,106
2025-07-15,10.2003,0.6835,0.3165,53
2025-07-16,7.2228,0.6246,0.3754,99
2025-07-17,18.2624,0.7091,0.2909,63
2025-07-18,11.4619,0.6612,0.3388,75
2025-07-21,7.893,0.6116,0.3884,121
2025-07-22,6.1464,0.5887,0.4113,76
2025-07-23,4.5417,0.6219,0.3781,58
2025-07-24,10.0007,0.6879,0.3121,65
2025-07-25,7.3026,0.6125,0.3875,54
2025-07-28,8.7737,0.6646,0.3354,113
2025-07-29,8.0694,0.6599,0.3401,87
2025-07-30,6.225,0.6071,0.3929,184
2025-07-31,3.9432,0.6051,0.3949,257
2025-08-01,5.4989,0.6662,0.3338,110
2025-08-04,8.5882,0.6502,0.3498,123
2025-08-05,8.0363,0.6669,0.3331,79
2025-08-06,6.1857,0.6558,0.3442,76
2025-08-07,8.1761,0.6476,0.3524,61
2025-08-08,8.6362,0.6809,0.3191,49
2025-08-11,8.1518,0.6909,0.3091,117
2025-08-12,7.1506,0.7006,0.2994,221
2025-08-13,7.5829,0.7046,0.2954,151
2025-08-14,9.5502,0.6856,0.3144,105
2025-08-15,7.2166,0.6823,0.3177,109
2025-08-18,5.5975,0.6403,0.3597,117
2025-08-19,4.2802,0.6216,0.3784,141
2025-08-20,3.617,0.614,0.386,216
2025-08-21,2.4433,0.6043,0.3957,74
2025-08-22,3.5727,0.6236,0.3764,70
2025-08-25,6.2991,0.6187,0.3813,101
2025-08-26,5.6514,0.5978,0.4022,156
2025-08-27,3.9221,0.6107,0.3893,93
2025-08-28,4.4464,0.6298,0.3702,94
2025-08-29,4.1238,0.5916,0.4084,206
2025-09-01,3.7661,0.593,0.407,429
2025-09-02,5.4656,0.6442,0.3558,128
2025-09-03,4.4598,0.6174,0.3826,171
2025-09-04,6.7066,0.6385,0.3615,94
2025-09-05,24.2513,0.7478,0.2522,21
2025-09-08,13.0124,0.647,0.353,412
2025-09-09,7.7094,0.6213,0.3787,601
2025-09-10,6.9679,0.6476,0.3524,276
2025-09-11,7.5487,0.6683,0.3317,209
2025-09-12,7.0577,0.7058,0.2942,187
2025-09-15,8.708,0.7058,0.2942,221
2025-09-16,5.131,0.6687,0.3313,152
2025-09-17,5.7189,0.6529,0.3471,248
2025-09-18,3.9753,0.6195,0.3805,302
2025-09-19,5.1885,0.662,0.338,159
2025-09-22,7.5586,0.6862,0.3138,152
2025-09-23,8.4323,0.6988,0.3012,97
2025-09-24,7.9436,0.6724,0.3276,113
2025-09-25,6.6469,0.6453,0.3547,110
2025-09-26,4.4899,0.5982,0.4018,176
2025-09-29,5.6358,0.6275,0.3725,169
2025-09-30,5.3377,0.6436,0.3564,144
2025-10-01,3.6021,0.6051,0.3949,330
2025-10-02,2.9362,0.5909,0.4091,189
2025-10-03,3.228,0.5821,0.4179,157
2025-10-06,4.917,0.5967,0.4033,247
2025-10-07,4.3484,0.6355,0.3645,132
2025-10-08,4.2726,0.6095,0.3905,293
2025-10-09,4.0088,0.6279,0.3721,602
2025-10-10,3.8196,0.6079,0.3921,296
2025-10-13,3.6541,0.5894,0.4106,261
2025-10-14,3.2528,0.5875,0.4125,222
2025-10-15,2.5864,0.5849,0.4151,182
2025-10-16,2.0372,0.5879,0.4121,110
2025-10-17,2.7471,0.5835,0.4165,259
2025-10-20,6.0665,0.6497,0.3503,644
2025-10-21,6.0898,0.6796,0.3204,754
2025-10-22,4.6586,0.6559,0.3441,541
2025-10-23,4.4635,0.6456,0.3544,181
2025-10-24,4.8142,0.672,0.328,116
2025-10-27,8.863,0.6906,0.3094,172
2025-10-28,8.903,0.6733,0.3267,93
2025-10-29,6.7994,0.6666,0.3334,200
2025-10-30,7.973,0.7175,0.2825,177
2025-10-31,9.6028,0.719,0.281,93
2025-11-03,10.4662,0.7475,0.2525,125
2025-11-04,9.6185,0.6654,0.3346,84
2025-11-05,8.7378,0.6898,0.3102,70
2025-11-06,13.5092,0.7249,0.2751,75
2025-11-07,9.5267,0.6551,0.3449,123
2025-11-10,10.4924,0.7015,0.2985,115
2025-11-11,8.2655,0.6681,0.3319,115
2025-11-12,8.8383,0.6559,0.3441,87
2025-11-13,10.6221,0.6873,0.3127,96
2025-11-14,9.6087,0.645,0.355,73
2025-11-17,9.6785,0.6853,0.3147,113
2025-11-18,7.117,0.676,0.324,84
2025-11-19,8.3483,0.6526,0.3474,89
2025-11-20,6.6305,0.6725,0.3275,104
2025-11-21,5.3786,0.6425,0.3575,80
2025-11-24,11.425,0.7155,0.2845,123
2025-11-25,12.0583,0.6973,0.3027,81
2025-11-26,10.716,0.6648,0.3352,68
2025-11-27,8.3554,0.6387,0.3613,80
2025-11-28,6.3981,0.594,0.406,71
2025-12-01,8.1248,0.6554,0.3446,113
2025-12-02,7.4945,0.6659,0.3341,68
2025-12-03,7.6838,0.6389,0.3611,67
2025-12-04,4.8725,0.6034,0.3966,81
2025-12-05,10.2285,0.6833,0.3167,76
2025-12-08,14.4862,0.7083,0.2917,75
2025-12-09,9.5157,0.6449,0.3551,141
2025-12-10,8.2364,0.6183,0.3817,120
2025-12-11,7.4914,0.6312,0.3688,177
2025-12-12,5.1482,0.6046,0.3954,109
2025-12-15,8.723,0.6636,0.3364,155
2025-12-16,6.6513,0.6529,0.3471,123
2025-12-17,4.7334,0.6298,0.3702,89
2025-12-18,6.9707,0.6656,0.3344,77
2025-12-19,7.3068,0.6492,0.3508,79
2025-12-22,9.9417,0.6996,0.3004,160
2025-12-23,9.7666,0.6498,0.3502,70
2025-12-24,14.037,0.7185,0.2815,47
2025-12-25,15.3865,0.7759,0.2241,12
2025-12-26,-5.1351,0.6957,0.3043,13
2025-12-29,2.3645,0.6875,0.3125,131
2025-12-30,8.7864,0.7452,0.2548,71
2025-12-31,11.3417,0.7696,0.2304,34
2026-01-01,17.153,0.6348,0.3652,14
2026-01-02,12.7132,0.6704,0.3296,68
2026-01-05,16.0005,0.7087,0.2913,87
2026-01-06,12.4435,0.6933,0.3067,90
2026-01-07,11.1472,0.7137,0.2863,79
2026-01-08,9.0333,0.6877,0.3123,68
2026-01-09,8.6587,0.6503,0.3497,62
2026-01-12,7.6306,0.6092,0.3908,125
2026-01-13,8.4979,0.6152,0.3848,66
2026-01-14,10.8552,0.6374,0.3626,94
2026-01-15,12.3108,0.6711,0.3289,105
2026-01-16,12.9569,0.6399,0.3601,23
2026-01-19,10.3575,0.646,0.354,115
2026-01-20,9.4967,0.6506,0.3494,116
2026-01-21,5.7589,0.6192,0.3808,347
2026-01-22,4.8023,0.6071,0.3929,237
2026-01-23,6.7218,0.6369,0.3631,183
2026-01-26,7.8986,0.6307,0.3693,221
2026-01-27,7.3119,0.6543,0.3457,236
2026-01-28,4.6007,0.6127,0.3873,1159
2026-01-29,3.803,0.6133,0.3867,1406
2026-01-30,5.2087,0.6433,0.3567,404
2026-02-02,6.5967,0.642,0.358,618
2026-02-03,5.7873,0.6258,0.3742,210
2026-02-04,7.242,0.6632,0.3368,167
2026-02-05,10.1793,0.6884,0.3116,199
2026-02-06,6.9729,0.6432,0.3568,194
2026-02-09,10.4083,0.6505,0.3495,263
2026-02-10,9.9005,0.6528,0.3472,116
2026-02-11,8.1705,0.6131,0.3869,150
2026-02-12,8.2642,0.607,0.393,233
2026-02-13,5.8601,0.6133,0.3867,305
2026-02-16,11.8613,0.5998,0.4002,87
2026-02-17,25.5015,0.7564,0.2436,23
2026-02-18,14.9773,0.6907,0.3093,120
2026-02-19,10.1442,0.6281,0.3719,191
2026-02-20,10.0525,0.6501,0.3499,122
2026-02-23,18.5531,0.7025,0.2975,151
2026-02-24,10.5818,0.6464,0.3536,83
2026-02-25,7.0927,0.6611,0.3389,111
2026-02-26,6.1443,0.6103,0.3897,109
2026-02-27,4.8422,0.6067,0.3933,131
2026-03-02,4.0615,0.5679,0.4321,240
2026-03-03,2.7648,0.534,0.466,94
2026-03-04,2.0705,0.5437,0.4563,374
2026-03-05,3.9545,0.5935,0.4065,171
2026-03-06,3.6037,0.5881,0.4119,127
2026-03-09,4.0225,0.5877,0.4123,269
2026-03-10,4.4264,0.6487,0.3513,124
2026-03-11,4.2907,0.6509,0.3491,196
2026-03-12,6.0997,0.6787,0.3213,293
2026-03-13,5.3702,0.68,0.32,229
2026-03-16,7.0362,0.6624,0.3376,245
2026-03-17,7.1,0.6382,0.3618,114
2026-03-18,2.2186,0.6396,0.3604,39
2026-03-19,3.0574,0.6036,0.3964,37
2026-03-20,2.5618,0.5291,0.4709,22
2026-03-23,7.7609,0.5918,0.4082,55
2026-03-24,23.473,0.6194,0.3806,34
2026-03-25,14.7307,0.6591,0.3409,156
2026-03-26,8.8096,0.6493,0.3507,147
2026-03-27,6.8775,0.6152,0.3848,339
2026-03-30,5.7855,0.6201,0.3799,416
2026-03-31,4.97,0.6328,0.3672,110
2026-04-01,5.4235,0.6574,0.3426,151
2026-04-02,4.98,0.6265,0.3735,89
2026-04-03,4.6805,0.599,0.401,21
2026-04-06,7.2338,0.622,0.378,231
2026-04-07,5.0518,0.5992,0.4008,144
2026-04-08,6.5079,0.6711,0.3289,323
2026-04-09,5.3494,0.6397,0.3603,217
2026-04-10,7.6168,0.6677,0.3323,115
2026-04-13,5.2444,0.618,0.382,190
2026-04-14,8.8242,0.6648,0.3352,104
2026-04-15,5.4407,0.6191,0.3809,143
2026-04-16,4.1535,0.5968,0.4032,94
2026-04-17,3.5986,0.5793,0.4207,251
2026-04-20,6.3642,0.6211,0.3789,261
2026-04-21,5.5854,0.6357,0.3643,123
2026-04-22,3.902,0.5974,0.4026,127
2026-04-23,4.5552,0.619,0.381,192
2026-04-24,2.5843,0.5755,0.4245,1124
2026-04-27,3.0877,0.5797,0.4203,1026
2026-04-28,3.1907,0.5876,0.4124,356
2026-04-29,4.7335,0.6203,0.3797,219
2026-04-30,2.8907,0.5817,0.4183,941
2026-05-01,5.5873,0.596,0.404,77
2026-05-04,6.0824,0.6174,0.3826,371
2026-05-05,5.3117,0.6595,0.3405,258
2026-05-06,4.9057,0.6765,0.3235,137
2026-05-07,5.3417,0.6943,0.3057,337
2026-05-08,4.3061,0.653,0.347,358
2026-05-11,3.9482,0.6368,0.3632,224
2026-05-12,3.1285,0.5584,0.4416,200
2026-05-13,3.9507,0.5632,0.4368,169
2026-05-14,7.2728,0.6304,0.3696,43
2026-05-15,6.5823,0.6321,0.3679,71
2026-05-18,5.4359,0.6186,0.3814,557
2026-05-19,4.7425,0.6067,0.3933,274
2026-05-20,7.3334,0.6525,0.3475,275
2026-05-21,5.4163,0.6311,0.3689,287
2026-05-22,4.1752,0.6121,0.3879,172
2026-05-25,5.4995,0.6363,0.3637,268
2026-05-26,5.6822,0.6482,0.3518,206
2026-05-27,11.2572,0.6623,0.3377,34
2026-05-28,10.0973,0.6562,0.3438,40
2026-05-29,5.81,0.5876,0.4124,501
2026-06-01,10.622,0.6426,0.3574,172
2026-06-02,9.6129,0.6609,0.3391,159
2026-06-03,5.6373,0.5901,0.4099,624
2026-06-04,3.4756,0.5701,0.4299,618
2026-06-05,2.6706,0.5562,0.4438,1232
2026-06-08,3.8996,0.5753,0.4247,1218
2026-06-09,4.9098,0.6179,0.3821,648
2026-06-10,5.3916,0.6457,0.3543,689
2026-06-11,6.3553,0.669,0.331,507
2026-06-12,6.2532,0.6857,0.3143,484
2026-06-15,7.5446,0.6836,0.3164,606
2026-06-16,19.4954,0.7515,0.2485,72
2026-06-17,14.4312,0.7391,0.2609,406
2026-06-18,12.5865,0.7022,0.2978,239
2026-06-19,10.2078,0.6922,0.3078,299
2026-06-22,11.1853,0.6762,0.3238,306
2026-06-23,8.7345,0.6758,0.3242,191
2026-06-24,6.4206,0.6249,0.3751,399
2026-06-25,5.9905,0.6419,0.3581,214
2026-06-26,4.7403,0.6278,0.3722,290
2026-06-29,5.3075,0.6073,0.3927,380
2026-06-30,3.1546,0.5554,0.4446,568
2026-07-01,3.818,0.5823,0.4177,261
2026-07-02,5.7465,0.6178,0.3822,199
2026-07-03,7.3594,0.6729,0.3271,217
2026-07-06,10.6437,0.6862,0.3138,203
2026-07-07,10.3442,0.6775,0.3225,157
2026-07-08,7.5651,0.6437,0.3563,223
2026-07-09,7.5912,0.6462,0.3538,148
2026-07-10,9.0245,0.6442,0.3558,109
2026-07-13,8.5718,0.6462,0.3538,290
2026-07-14,7.792,0.6462,0.3538,147
2026-07-15,6.2366,0.6471,0.3529,125
2026-07-16,6.998,0.6765,0.3235,136
2026-07-17,7.8302,0.6965,0.3035,381
2026-07-20,10.7594,0.6969,0.3031,251
2026-07-21,9.9913,0.7087,0.2913,161
2026-07-22,8.4465,0.6894,0.3106,191
2026-07-23,5.7689,0.6344,0.3656,309
